osm_id,structural_openness,number_of_floors,vegetation,material_rooftop,material_wall
1011180180,closed_structure,one,yes,concrete,concrete
841435039,open_structure,one,yes,concrete,concrete
841435067,,,,,
841435070,,,,,
841435071,,,,,
841435223,,,,,
841435224,,,,,
841435232,,,,,
841435234,,,,,
841435270,,,,,
841435273,,,,,
841435289,,,,,
841435290,,,,,
841435291,,,,,
841435295,,,,,
841435296,,,,,
841435298,,,,,
841435369,,,,,
841435449,,,,,
841435517,,,,,
841435519,,,,,
841435525,,,,,
841435527,,,,,
841435528,,,,,
841435540,,,,,
841435541,,,,,
