osm_id,scene_id,mapillary_id,distance_m,bearing,relative_angle,is_pano
1011180180,5ae3ac2d0b093000130aff91,160795755901595,19.1,116.7,359.6,False
841435039,5ae3ac2d0b093000130aff91,1412972982402715,12.5,266.0,329.6,False
841435067,5ae3ac2d0b093000130aff91,1801132996714909,13.5,25.3,339.9,False
841435070,5ae3ac2d0b093000130aff91,317288879798961,20.8,24.6,0.1,False
841435071,5ae3ac2d0b093000130aff91,317288879798961,14.4,60.1,35.7,False
841435223,5ae3ac2d0b093000130aff91,4081943505198537,8.6,8.7,352.0,False
841435224,5ae3ac2d0b093000130aff91,184431456872048,7.3,354.6,338.9,False
841435232,5ae3ac2d0b093000130aff91,4500057656689394,21.4,2.7,345.0,False
841435234,5ae3ac2d0b093000130aff91,315029733525974,15.0,42.5,24.9,False
841435270,5ae3ac2d0b093000130aff91,1451352831882882,12.4,13.9,349.2,False
841435273,5ae3ac2d0b093000130aff91,129155989180716,9.1,71.5,47.7,False
841435289,5ae3ac2d0b093000130aff91,309563214118717,16.5,154.0,7.9,False
841435290,5ae3ac2d0b093000130aff91,333912921406839,21.5,141.6,358.1,False
841435291,5ae3ac2d0b093000130aff91,349422759913825,29.0,55.1,31.8,False
841435295,5ae3ac2d0b093000130aff91,4002645509782975,19.5,42.2,23.8,False
841435296,5ae3ac2d0b093000130aff91,3981209585260817,20.3,112.4,34.1,False
841435298,5ae3ac2d0b093000130aff91,376615503674792,28.0,195.2,27.1,False
841435369,5ae3ac2d0b093000130aff91,2007524639404441,18.4,111.8,331.3,False
841435449,5ae3ac2d0b093000130aff91,934038724022488,28.0,302.3,6.6,False
841435517,5ae3ac2d0b093000130aff91,302637871471880,27.8,27.2,347.0,False
841435519,5ae3ac2d0b093000130aff91,1801132996714909,27.3,0.1,314.7,False
841435525,5ae3ac2d0b093000130aff91,823070665228474,10.0,4.6,311.5,False
841435527,5ae3ac2d0b093000130aff91,1801132996714909,20.8,70.0,24.6,False
841435528,5ae3ac2d0b093000130aff91,138330561561559,24.9,21.9,332.3,False
841435540,5ae3ac2d0b093000130aff91,928472024602966,25.3,37.7,337.9,False
841435541,5ae3ac2d0b093000130aff91,828236074459325,22.3,36.7,333.2,False
